,artist,track,date,rating,danceability,energy,key,loudness,mode,speechiness,acousticness,instrumentalness,liveness,valence,tempo,duration_ms
0,Deafheaven,Dream House,2 May ,4.08,0.116,0.804,7,-4.669,1,0.0766,6.84e-06,0.916,0.384,0.0957,82.211,554573
1,Ennio Morricone,The Ecstasy of Gold,28 June ,4.27,0.134,0.474,9,-13.864,0,0.0518,0.826,0.58,0.195,0.133,98.854,203227
2,Pusha T,Numbers on the Boards,11 April ,3.97,0.807,0.556,0,-5.539,0,0.119,0.157,0.0,0.0906,0.383,87.852,163587
3,Kanye West,New Slaves,2013,4.02,0.579,0.59,1,-4.322,1,0.0708,0.166,1.09e-05,0.096,0.361,150.189,256093
4,SOPHIE,Bipp,16 June ,3.92,0.805,0.702,2,-3.883,1,0.167,0.0938,0.0842,0.127,0.339,82.699,224143
5,Sky Ferreira,Everything Is Embarrassing,16 April ,3.86,0.666,0.786,0,-5.715,1,0.0395,0.0532,0.0,0.0476,0.6,117.126,249907
6,Charles Bradley,Changes,29 November ,3.91,0.373,0.469,0,-7.282,1,0.0415,0.00591,0.00887,0.0656,0.22,150.74,360829
7,Boards of Canada,Reach for the Dead,23 May ,3.66,0.575,0.576,5,-9.782,0,0.0295,0.0245,0.917,0.116,0.0363,135.998,287404
8,Goldfrapp,Drew,15 July ,3.75,0.422,0.278,4,-12.231,0,0.029,0.409,0.101,0.108,0.236,92.159,279587
9,Earl Sweatshirt,Hive,16 July ,3.69,0.619,0.742,1,-6.995,1,0.496,0.204,0.0,0.166,0.782,144.602,277240
10,Lorde,Buzzcut Season,23 September ,3.73,0.733,0.62,1,-10.525,1,0.075,0.606,0.305,0.117,0.247,111.039,246755
11,Oneohtrix Point Never,Boring Angel,17 December ,3.76,0.26,0.455,2,-12.236,0,0.0449,0.0235,0.953,0.146,0.0279,100.697,256128
12,Lemon Demon,Two Trucks,3 May ,4.17,0.758,0.391,9,-12.676,0,0.0453,0.0529,0.000867,0.106,0.895,114.006,247220
13,Julia Holter,This Is a True Heart,18 November ,3.78,0.461,0.493,9,-12.006,0,0.05,0.306,0.786,0.047,0.234,133.943,210920
14,Queens of the Stone Age,My God Is the Sun,8 April ,3.64,0.187,0.855,11,-4.316,0,0.0624,0.000531,0.0204,0.361,0.257,160.9,235400
15,David Bowie,Love Is Lost,28 October ,3.68,0.697,0.882,6,-10.214,1,0.0647,0.0589,0.471,0.348,0.934,102.015,247627
16,Goldfrapp,Annabel,21 October ,3.71,0.589,0.143,2,-14.214,0,0.0302,0.976,0.0139,0.111,0.0899,99.947,240747
17,Nine Inch Nails,Copy of A,13 August ,3.66,0.635,0.832,8,-6.151,1,0.039,0.0238,0.384,0.223,0.681,137.979,322613
18,FKA twigs,Water Me,2 August ,3.62,0.476,0.452,10,-10.761,0,0.0984,0.655,0.04,0.141,0.197,120.287,204737
19,John Grant,GMF,19 March ,3.65,0.469,0.477,5,-9.138,1,0.0269,0.234,0.0,0.122,0.377,141.891,313987
20,Lorde,Team,13 September ,3.52,0.69,0.578,6,-7.436,1,0.0929,0.167,0.0,0.305,0.416,99.961,193059
21,Parquet Courts,Borrowed Time,18 March ,3.63,0.4,0.726,0,-7.232,1,0.0311,0.0447,0.838,0.549,0.806,92.299,152040
22,David Lynch,I'm Waiting Here,3 June ,3.62,0.34,0.457,7,-10.285,1,0.0439,0.851,0.00219,0.0813,0.0526,150.807,302493
23,Chris Travis,Crunch Time,27 July ,3.7,0.844,0.709,4,-1.322,0,0.0544,0.304,0.0,0.517,0.101,109.959,233273
24,David Bowie,Valentine's Day,19 August ,3.6,0.563,0.752,2,-5.409,1,0.0314,0.00283,0.0,0.0632,0.51,95.964,182293
25,David Bowie,The Next Day,17 June ,3.57,0.515,0.841,6,-4.983,0,0.0352,0.00647,0.0,0.135,0.765,135.925,237133
26,Azealia Banks,Count Contessa,16 September ,3.55,0.595,0.957,0,-5.978,1,0.455,0.215,0.0,0.493,0.453,130.167,303231
27,Fuck Buttons,Brainfreeze,7 October ,3.59,0.35,0.814,7,-4.64,0,0.0516,9.82e-06,0.963,0.612,0.109,145.999,513575
28,Haim,Forever,10 December ,3.59,0.773,0.867,0,-4.595,1,0.0603,0.145,0.000333,0.105,0.592,117.984,245307
29,Foxygen,No Destruction,28 May ,3.56,0.599,0.676,2,-8.213,1,0.0261,0.31,0.0013,0.14,0.895,112.977,296573
30,David Bowie,Where Are We Now?,8 January ,3.45,0.547,0.463,0,-8.76,1,0.0233,0.0463,0.0199,0.123,0.43,79.972,249213
31,Fuzz,Sunderberry Dream,17 September ,3.61,0.117,0.623,9,-10.34,1,0.035,2.21e-05,0.611,0.331,0.478,172.641,151992
32,John Legend,Made to Love,18 June ,3.57,0.607,0.639,3,-6.099,0,0.0285,0.0348,0.00785,0.0927,0.359,107.006,240347
33,Atoms for Peace,Ingenue,25 July ,3.52,0.684,0.542,5,-10.559,1,0.0382,0.836,0.812,0.133,0.441,96.88,270067
34,Bladee,Everlasting Flames,28 December ,3.87,0.566,0.37,1,-7.737,0,0.0335,0.44,0.0,0.0653,0.21,116.958,200017
35,Paul McCartney,Queenie Eye,7 October ,3.57,0.49,0.793,7,-6.698,1,0.0491,0.000398,9.13e-06,0.0895,0.0998,93.455,228053
36,Pulp,After You,28 January ,3.49,0.662,0.725,2,-8.824,1,0.0386,0.00036,0.0601,0.064,0.735,125.996,334992
37,The Ronettes,Sleigh Ride,12 October ,3.75,0.528,0.772,2,-7.013,1,0.0288,0.403,2.52e-06,0.316,0.852,91.735,181267
38,Bat for Lashes,Lilies,15 April ,3.9,0.314,0.409,11,-12.449,1,0.0488,0.259,9.78e-06,0.267,0.184,101.487,286493
39,Fuzz,Sleigh Ride,16 April ,3.59,0.127,0.788,2,-11.027,1,0.0424,4.08e-06,0.799,0.151,0.475,158.732,191987
40,Austra,Home,8 March ,3.5,0.664,0.791,0,-7.506,1,0.0286,0.123,0.334,0.11,0.298,120.005,255520
41,Behemoth,Blow Your Trumpets Gabriel,8 December ,3.67,0.173,0.938,6,-4.642,1,0.0807,0.000216,0.00244,0.271,0.176,118.064,265440
42,Suede,Hit Me,24 May ,3.57,0.519,0.849,11,-8.54,0,0.0411,5.33e-05,0.00561,0.0914,0.819,126.006,243467
43,John Grant,Pale Green Ghosts,1 February ,3.51,0.705,0.413,2,-10.919,1,0.0895,0.0113,0.0459,0.055,0.566,182.01,363787
44,Pet Shop Boys,Vocal,4 June ,3.47,0.595,0.821,5,-4.939,0,0.0322,0.000143,0.179,0.0824,0.163,130.041,394595
45,Disclosure,You & Me,28 April ,3.36,0.593,0.392,10,-6.872,0,0.0257,0.382,0.000114,0.131,0.25,75.065,282813
46,Bat for Lashes,A Wall,15 February ,3.47,0.659,0.798,2,-9.88,1,0.0395,0.000676,0.0514,0.114,0.393,119.999,241761
47,Sleaford Mods,Jobseeker,2 November ,3.6,0.804,0.746,9,-8.378,1,0.0574,0.297,1.7e-05,0.102,0.822,93.017,244120
48,Xiu Xiu,Stupid in the Dark,21 November ,3.64,0.369,0.954,2,-9.792,0,0.0559,0.00314,0.906,0.082,0.111,195.927,170697
49,Phoenix,Trying to Be Cool,27 May ,3.42,0.485,0.758,9,-4.901,0,0.034,0.0146,0.0171,0.315,0.487,113.966,228133
50,Foals,Late Night,22 April ,3.44,0.849,0.574,7,-11.77,1,0.0532,0.0242,0.573,0.104,0.161,122.002,504347
51,Randomer,Bring,October ,3.44,0.978,0.481,6,-7.51,1,0.242,0.00785,0.643,0.0903,0.197,124.998,294874
52,Baths,Miasma Sky,5 March ,3.84,0.639,0.591,9,-11.288,0,0.0345,0.23,0.765,0.108,0.323,120.032,273920
53,Sky Ferreira,"Night Time, My Time",27 November ,3.67,0.424,0.645,7,-9.441,0,0.0404,0.268,0.689,0.652,0.417,110.058,230880
54,Owl Eyes,Closure,12 March ,3.53,0.499,0.774,0,-3.754,0,0.0314,0.000301,0.0258,0.165,0.414,121.946,229180
55,Haim,The Wire,23 September ,3.3,0.547,0.635,2,-5.569,1,0.137,0.0127,5.01e-06,0.0585,0.525,113.678,245293
56,Franz Ferdinand,Love Illumination,24 June ,3.39,0.53,0.864,4,-3.323,0,0.0557,0.0978,3.12e-06,0.153,0.85,153.314,222282
57,Deerhunter,Monomania,3 April ,3.35,0.337,0.867,9,-5.231,1,0.0565,8.36e-05,0.907,0.401,0.336,122.279,319135
58,Civil War,Saint Patrick's Day,1 May ,3.79,0.251,0.962,11,-4.792,0,0.14,0.00616,0.000234,0.228,0.184,104.994,310419
59,Amber London,Servin Fiendz,18 April ,3.48,0.698,0.77,1,-9.063,1,0.192,0.00915,0.789,0.352,0.485,129.954,184633
60,Crystal Castles,Sad Eyes,20 January ,3.38,0.44,0.801,1,-7.357,1,0.0342,5.25e-05,0.386,0.0732,0.3,135.017,207027
61,Civil War,First to Fight,16 May ,3.7,0.447,0.989,11,-4.773,0,0.175,5.79e-05,0.0183,0.211,0.166,149.984,259271
62,White Lies,There Goes Our Love Again,4 August ,3.46,0.358,0.9,1,-4.131,0,0.0474,0.000207,0.00958,0.251,0.421,162.01,216067
63,Johnny Marr,New Town Velocity,22 July ,3.62,0.494,0.801,2,-6.138,0,0.0325,3.2e-05,0.485,0.127,0.594,127.316,311613
64,Franz Ferdinand,Evil Eye,28 October ,3.54,0.702,0.815,11,-3.289,0,0.0296,0.0148,3.85e-05,0.0486,0.819,110.968,167253
65,Glass Animals,Black Mambo,28 June ,3.57,0.675,0.409,0,-10.707,0,0.0423,0.294,0.000596,0.119,0.308,79.954,248920
66,Alice in Chains,Hollow,8 January ,3.3,0.454,0.826,6,-5.071,0,0.0352,2.16e-05,0.598,0.372,0.176,98.035,341134
67,Banks,Waiting Game,27 August ,3.37,0.334,0.397,5,-10.313,0,0.0328,0.658,0.00014,0.136,0.225,129.127,207719
68,The Wonder Years,Passing Through a Screen Door,27 March ,4.2,0.451,0.923,8,-5.303,1,0.103,0.000517,2.75e-05,0.648,0.318,111.361,215453
69,Goat,Stonegoat,3 June ,3.44,0.45,0.897,7,-6.88,1,0.0828,0.0329,2.65e-06,0.986,0.335,104.972,183953
70,HNNY,No,19 December ,3.49,0.79,0.427,11,-11.361,0,0.0541,0.000885,0.446,0.0514,0.961,116.986,312000
71,Jon Hopkins,Breathe This Air,13 August ,3.41,0.827,0.61,1,-9.563,1,0.247,0.131,0.00272,0.13,0.315,129.104,248280
72,Ghost,Secular Haze,17 April ,3.33,0.443,0.746,10,-5.906,1,0.0302,0.0055,0.25,0.144,0.489,100.017,311333
73,Black Wing,Black Wing,16 May ,3.4,0.515,0.681,0,-9.23,1,0.0323,0.0714,0.936,0.269,0.0786,139.978,274467
74,of Montreal,Fugitive Air,23 July ,3.54,0.418,0.896,0,-4.127,1,0.0315,0.00078,0.0664,0.243,0.679,122.066,253413
75,Phoenix,Chloroform,25 March ,3.37,0.326,0.724,0,-7.814,1,0.0355,0.00243,0.006,0.081,0.289,137.62,244813
76,Alabama Shakes,Always Alright,17 February ,3.55,0.693,0.62,9,-6.509,1,0.0424,0.784,0.844,0.112,0.571,106.346,249170
77,Duke Dumont,Need U,31 March ,3.24,0.621,0.84,5,-5.52,0,0.064,0.000607,0.00188,0.656,0.496,123.266,171213
78,Orchid,Wizard of War,22 February ,3.48,0.407,0.672,1,-7.313,1,0.0351,0.00018,0.124,0.0985,0.474,170.145,198613
79,Little Boots,Motorway,25 March ,3.33,0.656,0.856,0,-8.24,0,0.0597,0.373,0.426,0.115,0.152,125.976,299320
80,Just Friends,Avalanche,20 April ,3.6,0.503,0.203,5,-16.362,0,0.0557,0.819,0.497,0.0699,0.0432,167.941,411429
81,Holden,Renata,10 June ,3.45,0.583,0.74,8,-10.919,1,0.04,0.0646,0.913,0.133,0.159,120.018,357360
82,Yuck,Rebirth,18 July ,3.37,0.456,0.869,2,-5.26,1,0.0342,0.000126,0.00139,0.0634,0.306,95.017,234120
83,The Field,Cupid's Head,9 December ,3.44,0.185,0.831,5,-10.935,0,0.0407,6.8e-05,0.98,0.143,0.244,153.175,392531
84,Annie,Tube Stops and Lonely Hearts,1 May ,3.33,0.703,0.714,11,-6.678,0,0.0388,0.0583,0.0174,0.076,0.631,127.022,200658
85,Guided by Voices,Flunky Minnows,19 February ,3.53,0.252,0.832,2,-4.669,1,0.0392,0.000693,0.0163,0.147,0.497,131.481,131533
86,Ellie Goulding,Stay Awake,24 March ,3.26,0.418,0.839,6,-3.5,0,0.0377,0.00247,0.0,0.353,0.431,159.959,206652
87,Johnny Marr,Upstarts,19 February ,3.47,0.429,0.819,7,-5.742,1,0.0502,5.12e-05,0.00528,0.335,0.457,132.933,218667
88,Best Coast,Fear of My Identity,20 April ,3.43,0.49,0.946,2,-4.576,1,0.0467,0.00662,1.08e-05,0.286,0.313,126.963,219305
89,Pure Bathing Culture,Pendulum,20 May ,3.56,0.582,0.73,3,-6.555,1,0.0256,0.275,0.842,0.106,0.61,107.996,237583
90,ceo,Whorehouse,2 December ,3.29,0.683,0.842,4,-4.541,0,0.0462,0.00984,1.06e-06,0.164,0.214,128.015,257011
91,Taylor Swift,Red,24 June ,3.13,0.602,0.896,1,-4.267,0,0.0437,0.0773,8.87e-05,0.091,0.641,124.978,220827
92,Makthaverskan,Something More,12 July ,3.63,0.402,0.657,11,-6.256,1,0.0336,0.000392,0.698,0.0989,0.223,135.795,195293
93,Broken Bells,Holding on for Life,4 November ,3.22,0.342,0.587,11,-7.273,0,0.0537,0.00648,0.0995,0.207,0.484,168.847,236867
94,Carly Rae Jepsen,Tonight I'm Getting Over You,19 February ,3.13,0.72,0.776,10,-5.331,1,0.043,0.00549,0.000298,0.365,0.135,125.96,219213
95,Marnie,The Hunter,12 August ,3.5,0.563,0.84,5,-6.61,0,0.034,0.0579,0.237,0.132,0.469,117.983,253000
96,Maya Jane Coles,Everything,12 May ,3.34,0.85,0.677,1,-5.985,1,0.0348,0.0469,0.00638,0.104,0.533,121.995,249667
97,Kite,Dance Again,2013,4.31,0.242,0.833,9,-3.69,1,0.0556,0.0198,1.64e-05,0.0787,0.466,184.956,280107
98,Justin Timberlake,Suit & Tie,14 January ,3.03,0.795,0.596,11,-3.799,0,0.219,0.103,0.0,0.164,0.357,101.985,326280
99,James Blake,Voyeur,3 April ,3.19,0.519,0.702,7,-6.761,0,0.0342,0.0481,0.312,0.0855,0.317,124.931,257747
100,Still Corners,Berlin Lovers,26 March ,3.35,0.766,0.374,11,-7.951,0,0.0469,0.324,4.49e-06,0.0814,0.923,107.03,154773
101,The Neighbourhood,Afraid,October ,3.31,0.464,0.701,6,-5.693,0,0.0411,0.00892,0.309,0.335,0.356,83.996,251187
102,Jessy Lanza,Keep Moving,4 November ,3.3,0.848,0.58,7,-10.746,0,0.0517,0.0106,0.0934,0.101,0.808,110.023,224810
103,Meshuggah,Pitch Black,February ,3.09,0.335,0.95,6,-5.93,0,0.0841,0.000281,0.783,0.303,0.238,123.502,357160
104,Hot Chip,Dark and Stormy,22 July ,3.38,0.597,0.891,2,-5.468,1,0.034,0.00361,0.0986,0.585,0.807,131.999,295840
105,Laura Mvula,Green Garden,24 February ,3.24,0.708,0.697,1,-6.959,0,0.027,0.0766,1.68e-05,0.104,0.268,106.001,249533
106,Solange,Looks Good With Trouble,14 May ,3.31,0.698,0.263,0,-12.654,0,0.0912,0.423,0.034,0.0948,0.739,148.088,90827
107,Linkin Park,Castle of Glass,1 February ,3.15,0.615,0.911,1,-3.584,0,0.0278,0.0686,0.00188,0.0908,0.685,108.0,205400
108,Car Seat Headrest,Plane Crash Blues,2013,3.68,0.283,0.525,9,-5.507,0,0.0335,0.295,0.188,0.0942,0.18,135.154,343127
109,The Vaccines,Melody Calling,20 June ,3.42,0.593,0.908,11,-8.304,0,0.0478,0.00108,0.376,0.369,0.855,145.981,178613
110,Factory Floor,Fall Back,14 January ,3.18,0.697,0.991,11,-5.791,1,0.0607,0.000256,0.85,0.0991,0.466,130.002,442551
111,Peace,California Daze,20 April ,3.6,0.256,0.35,9,-8.847,1,0.0283,0.101,1.36e-05,0.116,0.244,80.271,238693
112,MS MR,Fantasy,10 March ,3.25,0.594,0.649,0,-6.065,1,0.0289,0.0561,0.00345,0.105,0.125,144.961,208293
113,Depeche Mode,Soothe My Soul,10 May ,3.11,0.678,0.566,7,-9.042,1,0.0348,0.283,0.0269,0.242,0.18,123.996,317920
114,Young Galaxy,Pretty Boy,5 February ,3.4,0.564,0.948,6,-6.527,0,0.0377,0.0202,0.583,0.104,0.269,124.979,235840
115,She & Him,Never Wanted Your Love,8 March ,3.28,0.412,0.904,2,-6.535,1,0.0993,0.111,1.86e-06,0.119,0.534,140.367,194840
116,Franz Ferdinand,Bullet,3 December ,3.33,0.386,0.954,0,-2.876,1,0.0644,0.00077,0.0,0.164,0.779,164.75,163400
117,Pond,Xanman,12 June ,3.59,0.152,0.691,9,-5.525,1,0.0745,0.00182,0.000201,0.105,0.323,82.942,350387
118,Deep Purple,All the Time in the World,2013,3.41,0.478,0.723,11,-6.512,0,0.0286,0.00155,0.174,0.146,0.27,98.742,259369
119,The Uncluded,Delicate Cycle,20 April ,3.39,0.583,0.646,2,-6.654,1,0.153,0.116,0.0,0.101,0.388,96.178,255017
120,Man Man,Head On,9 July ,3.49,0.711,0.775,1,-4.04,1,0.0295,0.316,0.0,0.102,0.745,125.044,265160
121,Sabaton,40:1,5 August ,3.56,0.462,0.947,6,-4.082,0,0.082,8.12e-05,0.000752,0.16,0.539,130.126,250827
122,Editors,A Ton of Love,6 May ,3.11,0.46,0.963,7,-4.191,1,0.0586,0.0713,0.0,0.284,0.4,142.029,238187
123,Kevin Gates,4:30 AM,24 June ,3.62,0.75,0.6,1,-8.392,1,0.302,0.125,0.0,0.365,0.282,130.899,166712
124,Anna Calvi,Suddenly,25 September ,3.38,0.534,0.403,2,-9.147,1,0.0391,0.199,0.0225,0.11,0.0739,123.404,214110
125,Desaparecidos,Anonymous,12 March ,3.37,0.223,0.938,9,-3.592,1,0.0876,0.00113,0.0,0.236,0.569,65.36,224274
126,Stereophonics,Graffiti on the Train,22 April ,3.51,0.419,0.531,0,-6.609,0,0.0303,0.863,0.000661,0.198,0.0647,141.915,303067
127,HNNY,Mys,2 September ,3.17,0.631,0.46,6,-9.074,1,0.0265,0.0358,0.418,0.0987,0.0815,120.024,341627
128,Wild Nothing,A Dancing Shell,23 April ,3.52,0.614,0.869,7,-8.6,1,0.0417,0.000339,0.398,0.382,0.679,89.554,227160
129,Say Lou Lou,Better in the Dark,24 November ,3.27,0.484,0.714,6,-7.083,1,0.0422,0.000681,1.88e-06,0.172,0.345,125.204,208248
130,Florence + The Machine,Over the Love,2013,3.31,0.482,0.462,7,-8.375,0,0.0293,0.514,0.0123,0.196,0.24,140.208,260787
131,SZA,Julia,13 August ,4.07,0.666,0.688,0,-7.071,1,0.031,0.00866,9e-06,0.0964,0.433,111.02,219643
132,The 1975,The City,19 May ,3.23,0.485,0.96,5,-4.882,1,0.0839,8.66e-05,0.000674,0.108,0.693,94.978,206893
133,TNGHT,Acrylics,8 April ,2.93,0.632,0.845,11,-8.009,1,0.0624,0.00926,0.867,0.0758,0.159,142.042,256776
134,Swim Deep,She Changes the Weather,12 May ,3.38,0.478,0.607,7,-7.717,1,0.0284,0.0484,0.0633,0.11,0.333,111.709,275427
135,Eels,New Alphabet,25 January ,3.26,0.686,0.742,2,-6.188,0,0.0446,0.259,0.000634,0.0815,0.501,94.979,248293
136,Vampire Weekend,Step,31 December ,3.05,0.624,0.724,10,-7.113,1,0.101,0.591,7.79e-06,0.101,0.624,78.008,251627
137,Rick Ross,The Devil Is a Lie,19 December ,3.02,0.68,0.83,5,-3.922,0,0.0897,0.00169,0.0,0.382,0.638,102.91,310667
138,Sebadoh,I Will,9 September ,3.48,0.333,0.859,0,-4.548,1,0.0335,0.00237,0.000612,0.0854,0.671,80.082,237320
139,Pearson Sound,Lola,11 November ,3.17,0.78,0.839,2,-12.78,1,0.0598,0.000159,0.931,0.0723,0.336,116.014,308430
140,Magic Man,Paris,14 February ,3.46,0.472,0.881,2,-5.252,1,0.0524,0.0876,0.0,0.0698,0.502,178.858,232747
141,Quadron,Hey Love,1 March ,3.29,0.805,0.565,7,-9.854,0,0.0899,0.0818,3.63e-06,0.0819,0.529,116.982,203440
142,Primal Scream,Invisible City,24 June ,3.3,0.617,0.933,0,-4.355,1,0.04,0.00031,0.0131,0.0377,0.888,140.055,283920
143,Son Lux,TEAR,25 June ,3.45,0.44,0.384,6,-11.982,1,0.0546,0.142,0.0605,0.0822,0.139,144.022,227201
144,Tami T,I Never Loved This Hard This Fast Before,13 September ,3.39,0.58,0.373,9,-10.274,0,0.0826,0.453,0.193,0.163,0.291,54.859,262012
145,Julia Holter,Horns Surrounding Me,28 October ,3.98,0.663,0.621,9,-8.196,1,0.0434,0.245,0.108,0.34,0.174,115.059,286533
146,Steven Wilson,Drive Home,21 October ,4.03,0.447,0.343,2,-11.625,1,0.0311,0.0419,0.329,0.102,0.0777,123.904,457250
147,DJ Screw,Tell Me Something Good,30 November ,3.87,0.823,0.539,6,-10.743,1,0.0644,0.0155,1.16e-06,0.164,0.733,115.671,403867
148,Pink Floyd,Wish You Were Here,14 June ,4.16,0.481,0.262,7,-15.73,1,0.0414,0.735,0.0114,0.832,0.375,122.883,334744
149,Coda,Bloody Stream,30 January ,3.89,0.274,0.903,8,-3.125,1,0.064,0.0086,0.0,0.315,0.662,129.999,261920
150,gmcfosho,Miss My Ni,24 March ,3.92,0.689,0.208,5,-13.521,1,0.877,0.868,0.0,0.105,0.32,139.295,271855
151,William Onyeabor,Good Name,27 September ,3.75,0.75,0.926,5,-4.966,0,0.0428,0.348,0.801,0.192,0.97,123.875,605853
152,David Sylvian,Do You Know Me Now?,16 September ,3.76,0.516,0.233,9,-15.067,1,0.0307,0.752,1.56e-05,0.142,0.188,97.908,260620
153,Steven Wilson,Luminol,20 April ,3.73,0.418,0.446,4,-10.598,0,0.0313,0.00214,0.621,0.0797,0.283,172.002,730116
154,Oneohtrix Point Never,Still Life,2013,3.68,0.247,0.203,6,-14.055,0,0.0415,0.415,0.0411,0.0957,0.0363,100.989,293768
155,Junip,Line of Fire,15 January ,3.66,0.484,0.75,2,-8.033,1,0.0417,0.472,0.523,0.111,0.284,90.377,339293
156,Julia Brown,Library,11 June ,3.68,0.243,0.542,2,-8.266,1,0.0361,0.0642,0.0329,0.175,0.132,70.012,160720
157,London Grammar,Wasting My Young Years,16 June ,3.52,0.543,0.311,5,-10.018,0,0.0361,0.857,0.000684,0.0983,0.134,126.86,204213
158,A$AP Mob,Trillmatic,4 December ,3.59,0.837,0.807,11,-3.288,0,0.284,0.0381,0.0,0.206,0.721,94.968,239240
159,Galaxie 500,Temperature's Rising,23 April ,3.7,0.378,0.757,7,-9.201,1,0.0341,0.37,0.377,0.0815,0.524,111.688,308680
160,Kishi Bashi,Bright Whites,19 March ,3.74,0.558,0.856,7,-7.055,1,0.041,0.0351,0.0,0.395,0.588,108.194,253132
161,Machinedrum,Gunshotta,3 September ,3.65,0.661,0.788,11,-7.828,0,0.141,0.00436,0.728,0.242,0.294,169.935,346118
162,Black Uhuru,Youths of Eglington,2013,3.68,0.5,0.76,7,-7.501,1,0.101,0.488,0.0221,0.604,0.659,172.017,307093
163,Vampire Weekend,Finger Back,2013,3.59,0.668,0.822,0,-4.861,1,0.0855,0.255,1.72e-05,0.349,0.721,100.934,205960
164,Rush,The Garden,29 November ,3.76,0.344,0.798,7,-5.053,0,0.0363,0.0339,0.0847,0.101,0.217,160.101,419440
165,Dreamtrak,"Odyssey, Pt. 2",18 September ,3.4,0.761,0.816,3,-6.952,1,0.038,0.0123,0.915,0.111,0.449,120.011,356420
166,Young Fathers,Low,21 October ,3.77,0.571,0.727,0,-4.218,1,0.0574,0.545,0.0,0.0953,0.289,86.013,191000
167,T.O.P,Doom Dada,15 November ,3.67,0.48,0.973,7,-5.022,1,0.481,0.03,0.0,0.374,0.28,156.085,257227
168,Perfume,1mm,18 September ,3.45,0.58,0.954,3,-2.129,0,0.0653,0.00108,0.134,0.703,0.842,110.006,258133
169,Pet Symmetry,Two Songs About Cars. Two Songs With Long Titles,2013,3.53,0.552,0.94,1,-5.152,0,0.13,0.00108,0.0,0.165,0.743,145.055,168834
170,Suede,Barriers,7 January ,3.46,0.408,0.768,6,-8.679,1,0.0564,0.00175,0.00187,0.145,0.258,108.928,222440
171,HTRK,Give it Up,17 December ,3.73,0.756,0.3,11,-18.816,0,0.0458,0.803,0.883,0.081,0.228,129.99,228366
172,Karol Conka,Gandaia,4 November ,3.58,0.648,0.84,7,-6.566,1,0.205,0.0124,0.0,0.247,0.908,83.995,176893
173,Madeon,Technicolor,3 August ,3.61,0.535,0.809,2,-3.382,0,0.0385,0.000232,0.25,0.106,0.0662,127.027,385413
174,Veronica Falls,Teenage,January ,3.6,0.292,0.845,0,-5.877,1,0.0433,0.292,0.846,0.219,0.533,141.972,171572
175,Iceage,Ecstasy,6 February ,3.42,0.132,0.936,9,-4.505,0,0.111,0.0127,0.306,0.458,0.129,143.636,148773
176,David Bowie,Sound and Vision,7 October ,3.65,0.667,0.804,2,-8.583,1,0.0398,0.0328,0.0544,0.0632,0.759,105.797,184382
177,Beck,Defriended,18 June ,3.37,0.518,0.738,9,-6.346,0,0.0878,0.00049,0.201,0.0668,0.279,144.363,225633
178,The Hotelier,The Scope of All of This Rebuilding,16 December ,4.15,0.338,0.941,5,-5.657,1,0.161,0.00199,2.53e-05,0.113,0.499,172.939,146480
179,Yo La Tengo,Ohm,30 July ,3.47,0.533,0.985,2,-5.355,1,0.0678,0.0793,0.671,0.209,0.632,111.588,407987
180,Chromatics,These Streets Will Never Look the Same,23 June ,3.51,0.676,0.889,4,-5.887,0,0.0368,0.00957,0.254,0.825,0.267,107.102,517001
181,Lebanon Hanover,Gallowdance,28 February ,3.37,0.705,0.766,8,-8.432,1,0.033,0.511,0.845,0.109,0.279,138.033,292600
182,Paramore,Daydreaming,2 December ,3.52,0.495,0.909,2,-5.575,1,0.0525,0.000542,0.000503,0.363,0.335,150.027,271027
183,No Joy,Hare Tarot Lies,2 April ,3.63,0.485,0.809,6,-5.827,1,0.0328,0.00201,0.796,0.138,0.658,120.003,206024
184,Lust for Youth,Chasing the Light,19 February ,3.47,0.56,0.911,9,-5.598,0,0.0482,0.295,0.0122,0.188,0.451,131.3,254273
185,These New Puritans,V,16 December ,3.66,0.321,0.548,11,-11.688,1,0.0271,0.168,0.103,0.149,0.0753,99.993,392960
186,John Grant,Glacier,25 November ,3.61,0.351,0.302,3,-10.524,1,0.0318,0.86,2.01e-05,0.149,0.0934,129.916,457547
187,San Fermin,Sonsick,14 May ,3.85,0.46,0.612,0,-5.856,1,0.0393,0.0209,0.00032,0.341,0.528,147.751,253427
188,The xx,Fiction,15 July ,3.33,0.786,0.362,7,-13.785,0,0.0373,0.695,0.408,0.0897,0.642,115.022,176480
189,Stunt Taylor,FeFe on the Block,25 July ,3.34,0.744,0.539,10,-6.757,1,0.0596,0.147,0.0,0.263,0.509,145.915,173213
190,SpaceGhostPurrp,Bringing the Phonk,13 June ,3.74,0.563,0.828,5,-4.965,1,0.0396,0.036,0.0,0.144,0.509,142.023,190520
191,M.I.A.,Come Walk With Me,3 September ,3.31,0.517,0.883,2,-3.716,1,0.0846,0.000549,0.0142,0.509,0.152,143.02,283507
192,The Fall,Sir William Wray,20 April ,3.51,0.36,0.9,0,-6.243,1,0.06,0.00453,0.831,0.0385,0.734,152.591,213227
193,Psychic Mirrors,Charlene,27 November ,3.62,0.681,0.729,7,-7.649,1,0.0647,0.00796,0.165,0.0577,0.871,110.994,290038
194,Kurt Vile,Air Bud,15 April ,3.63,0.605,0.892,4,-6.974,0,0.0326,0.0172,0.593,0.122,0.712,105.314,389680
195,BOKKA,Town of Strangers,14 October ,3.66,0.664,0.298,9,-10.933,0,0.0316,0.428,0.77,0.112,0.196,127.939,213376
196,The xx,Jamie xx Edits,20 April ,3.38,0.616,0.402,7,-16.566,0,0.0667,0.281,0.826,0.123,0.0631,120.956,331643
197,Metric,Synthetica,11 February ,3.42,0.366,0.867,0,-4.043,1,0.0378,4.91e-05,0.0062,0.103,0.215,158.967,234707
198,Lana Del Rey,Burning Desire,19 March ,3.25,0.482,0.648,7,-10.771,1,0.135,0.838,0.00655,0.128,0.147,131.861,227747
199,Katy Perry,Walking on Air,30 October ,3.24,0.631,0.908,6,-4.842,0,0.0391,0.00144,0.0,0.23,0.821,128.027,222449
200,Mala,Changes,10 May ,3.41,0.68,0.538,11,-11.363,0,0.0408,0.000689,0.83,0.0765,0.0994,139.007,410973
201,Hop Along,Sister Cities,5 June ,3.68,0.337,0.898,11,-6.315,1,0.0512,0.00455,0.0062,0.156,0.593,89.864,307903
202,MONO,Kanata,27 November ,3.42,0.212,0.516,0,-8.354,0,0.0318,0.741,0.868,0.123,0.135,176.039,381187
203,Julianna Barwick,Pacing,5 February ,3.39,0.214,0.181,7,-20.211,1,0.0354,0.982,0.934,0.0673,0.048,74.1,262421
204,Guided by Voices,Islands,5 March ,3.51,0.397,0.733,0,-7.652,1,0.0355,0.0438,0.000733,0.132,0.147,127.851,141533
205,Blank Banshee,Eco Zones,4 November ,3.69,0.422,0.719,8,-7.75,1,0.0577,0.46,0.114,0.168,0.298,87.82,144546
206,SOPHIE,Elle,16 June ,3.19,0.646,0.672,2,-8.685,1,0.0529,0.000914,0.568,0.188,0.176,119.885,224140
207,Melt Yourself Down,Fix My Life,25 February ,3.39,0.605,0.856,1,-6.264,1,0.0438,0.00436,0.669,0.63,0.727,115.077,242693
208,M83,Oblivion,26 March ,3.23,0.399,0.612,4,-7.814,0,0.0358,0.00317,0.33,0.127,0.0567,128.167,356674
209,Kishi Bashi,It All Began With a Burst,19 March ,3.67,0.569,0.669,5,-9.005,1,0.0425,0.104,0.000276,0.528,0.52,140.412,183592
210,Manic Street Preachers,Rewind the Film,8 July ,3.46,0.24,0.469,11,-9.785,0,0.0321,0.12,0.0017,0.165,0.277,182.267,396720
211,Neon Lights,Unceasing Atmosphere,8 April ,3.55,0.511,0.639,2,-5.825,1,0.0307,0.000117,0.332,0.0675,0.107,93.006,358067
212,Agnes Obel,Dorian,16 December ,3.75,0.622,0.245,6,-17.492,0,0.0343,0.961,0.231,0.102,0.185,122.973,286320
213,Bilderbuch,Maschin,17 October ,4.13,0.595,0.585,0,-4.686,1,0.0473,0.0129,4.3e-06,0.548,0.668,180.011,207947
214,Starset,My Demons,9 August ,3.55,0.274,0.652,5,-6.196,0,0.0625,0.00768,6.42e-05,0.108,0.1,173.009,288036
215,Princess Nokia,Versace Hottie,16 October ,3.37,0.775,0.562,11,-11.083,0,0.288,0.138,0.0557,0.673,0.661,124.031,194493
216,Dream Theater,The Enemy Inside,6 August ,3.2,0.488,0.976,4,-4.165,0,0.142,1.18e-05,0.0295,0.067,0.404,143.988,377373
217,Simple Minds,Broken Glass Park,2013,3.67,0.505,0.856,2,-6.043,1,0.0363,0.00285,4.2e-05,0.101,0.324,107.031,249027
218,Empress Of,Hat Trick,6 May ,3.72,0.303,0.622,7,-9.538,0,0.174,0.0118,0.000476,0.266,0.286,199.781,193791
219,Machinedrum,Eyesdontlie,29 July ,3.28,0.582,0.887,9,-7.896,1,0.0635,0.00232,0.872,0.0458,0.115,174.015,398717
220,Daughter,Still,29 January ,3.38,0.483,0.382,4,-12.947,0,0.0371,0.813,0.0389,0.105,0.15,115.021,212680
221,Open Mike Eagle,Qualifiers,27 August ,3.47,0.667,0.634,9,-10.541,1,0.271,0.312,0.0,0.0956,0.512,139.755,211409
222,Cash Cash,Overtime,8 October ,3.56,0.55,0.875,11,-0.755,0,0.3,0.0665,0.0,0.658,0.291,113.707,246447
223,J. Cole,Power Trip,15 February ,3.1,0.667,0.61,1,-7.054,1,0.217,0.322,0.000203,0.426,0.465,99.991,241160
224,Coldplay,Atlas,6 September ,3.13,0.28,0.45,11,-7.736,1,0.0292,0.634,0.698,0.105,0.105,136.385,236093
225,Jim James,A New Life,2013,3.69,0.329,0.386,5,-10.242,1,0.0515,0.83,0.00189,0.0764,0.333,169.596,268400
226,The Struts,Could Have Been Me,2013,3.22,0.541,0.907,4,-4.512,1,0.0642,0.0158,0.000185,0.34,0.434,80.029,187653
227,Florrie,Live a Little,11 April ,3.38,0.654,0.92,8,-3.883,0,0.0406,0.0333,0.0199,0.052,0.922,101.984,180500
228,Grouplove,Ways to Go,2013,3.15,0.577,0.827,7,-7.54,1,0.0365,0.00338,0.000647,0.26,0.179,101.031,215520
229,Pusha T,Sweet Serenade,4 September ,3.01,0.722,0.702,7,-6.688,1,0.347,0.0127,0.0051,0.384,0.424,150.056,219293
230,The Postal Service,A Tattered Line of String,12 February ,2.99,0.626,0.913,7,-6.391,1,0.0462,0.00493,0.392,0.336,0.961,139.985,176933
231,Autre Ne Veut,On & On,15 July ,3.28,0.324,0.372,11,-8.328,0,0.0587,0.636,0.0,0.104,0.216,74.667,349908
232,Robert Pollard,Tonight's the Rodeo,15 October ,3.73,0.327,0.631,7,-6.456,1,0.0326,0.287,1.74e-05,0.0742,0.864,125.572,110853
233,Movement,Us,20 September ,3.62,0.676,0.507,11,-12.864,0,0.134,0.209,0.508,0.0748,0.314,179.959,182978
234,Flyying Colours,Wavygravy,12 April ,3.62,0.357,0.85,2,-5.365,1,0.0487,2.2e-05,0.738,0.301,0.171,116.945,204227
235,Fink,Warm Shadow,10 March ,3.41,0.739,0.555,4,-11.499,0,0.0398,0.636,0.247,0.112,0.279,100.516,346760
236,Nadine Shah,To Be a Young Man,7 July ,3.44,0.427,0.763,0,-6.56,1,0.0347,0.0337,0.468,0.0956,0.436,144.911,300987
237,Pegboard Nerds,Razor Sharp,1 May ,3.15,0.681,0.909,9,-4.847,1,0.353,0.00135,2.33e-05,0.0754,0.378,110.007,281455
238,Gregory Alan Isakov,Second Chances,14 July ,3.97,0.376,0.325,4,-9.972,1,0.0304,0.946,0.0937,0.113,0.211,154.563,229227
239,Enshine,Brighter,13 May ,3.56,0.389,0.893,10,-4.807,0,0.0381,0.0197,0.887,0.151,0.323,104.966,267454
240,Classixx,Holding On,17 February ,3.23,0.716,0.871,10,-6.168,1,0.0729,0.00535,0.289,0.0464,0.894,123.003,380240
241,A Day to Remember,Right Back at It Again,11 November ,3.68,0.296,0.993,3,-3.814,1,0.333,0.000115,2.42e-06,0.0975,0.306,169.813,200031
242,Desaparecidos,Te Amo Camila Vallejo,2 August ,3.45,0.147,0.939,2,-3.139,1,0.0607,1.22e-05,0.0,0.118,0.371,162.812,218944
243,Tarja,Victim of Ritual,12 July ,3.17,0.333,0.666,5,-5.295,0,0.0519,0.0245,0.00415,0.0572,0.325,119.961,354372
244,Tricky,Valentine,16 September ,3.43,0.779,0.319,10,-13.303,0,0.0406,0.577,0.58,0.11,0.171,151.42,196160
245,HTRK,Poison,4 November ,3.26,0.427,0.707,7,-8.739,0,0.0297,2.94e-05,0.782,0.216,0.454,133.281,221613
246,Trivium,Strife,19 August ,3.47,0.461,0.987,1,-1.711,0,0.108,3.58e-05,8.48e-05,0.359,0.309,142.031,269266
247,Falling in Reverse,Alone,7 May ,0.95,0.527,0.95,2,-4.023,0,0.0864,0.0226,0.0,0.0633,0.632,150.078,279077
248,American Authors,Best Day of My Life,19 March ,1.32,0.673,0.902,2,-2.392,1,0.0346,0.0591,0.000262,0.0558,0.538,100.012,194240
249,Bart Baker,Wrecking Ball Parody,5 October ,0.54,0.497,0.443,0,-3.431,0,0.119,0.604,0.0,0.0786,0.27,84.396,205250
250,Pitbull,Feel This Moment,4 February ,1.39,0.673,0.758,7,-3.632,1,0.158,0.039,0.0,0.341,0.542,135.956,229507
251,Unkle Adams,I Am Stronger,14 September ,0.97,0.604,0.79,9,-7.867,0,0.498,0.131,0.0,0.0795,0.253,130.766,221394
252,Pitbull,Timber,7 October ,1.95,0.581,0.963,11,-4.087,1,0.0981,0.0295,0.0,0.139,0.788,129.992,204160
253,Demi Lovato,Let It Go,21 October ,1.8,0.505,0.624,7,-6.513,1,0.0371,0.0235,0.0,0.5,0.215,139.849,224387
254,Katy Perry,Roar,12 August ,1.99,0.554,0.772,7,-4.821,0,0.0418,0.00487,6.6e-06,0.354,0.455,179.984,223546
255,Lil Wayne,Love Me,18 January ,1.89,0.674,0.608,8,-6.628,0,0.0334,0.0119,0.0,0.103,0.464,124.952,253440
256,Imagine Dragons,Demons,28 January ,2.16,0.505,0.71,3,-3.015,1,0.0321,0.19,0.00025,0.329,0.428,89.938,175200
257,Luke Bryan,Drink a Beer,11 November ,1.71,0.483,0.431,8,-7.656,1,0.0343,0.836,5.19e-05,0.199,0.296,78.26,202627
258,Olly Murs,Dear Darlin',24 May ,1.99,0.512,0.817,11,-4.735,0,0.0465,0.00604,6.3e-06,0.114,0.332,124.044,206773
259,Bullet for My Valentine,Riot,15 January ,1.8,0.577,0.959,10,-4.229,0,0.0539,0.0011,0.00181,0.369,0.72,95.024,169307
260,Iggy Azalea,Bounce,26 April ,2.19,0.867,0.773,1,-5.429,0,0.275,0.0109,0.0,0.0913,0.734,105.933,222427
261,Jay-Z,Holy Grail,4 July ,2.25,0.675,0.534,2,-6.901,0,0.0831,0.0594,8.59e-06,0.256,0.156,145.08,338413
262,Eliza,Big When I Was Little,28 July ,2.07,0.536,0.88,0,-3.686,1,0.0865,0.0217,0.0,0.386,0.795,170.086,229199
263,Jason Derulo,The Other Side,16 April ,2.26,0.561,0.836,9,-3.939,1,0.1,0.0525,0.0,0.136,0.517,127.923,226987
264,Borgore,Decisions,8 February ,1.79,0.565,0.934,7,-1.576,0,0.0613,0.00361,2.29e-06,0.295,0.634,139.941,198857
265,Eminem,Survival,14 August ,2.31,0.459,0.899,2,-2.978,1,0.21,0.0038,0.0,0.126,0.437,176.384,272417
266,will.i.am,Bang Bang,June ,2.06,0.805,0.657,7,-7.643,1,0.108,0.0249,2.27e-05,0.0391,0.716,124.944,279067
267,Florida Georgia Line,Round Here,3 June ,1.91,0.523,0.954,1,-3.051,1,0.0374,0.00385,1.65e-06,0.243,0.901,141.982,215120
268,Macklemore & Ryan Lewis,White Walls,8 October ,2.44,0.767,0.782,7,-5.545,1,0.14,0.0541,0.0,0.338,0.827,116.491,220319
269,The Wanted,We Own the Night,11 August ,1.86,0.553,0.937,11,-4.056,1,0.12,0.00559,0.0,0.363,0.548,103.97,205400
270,Drake,Started From the Bottom,6 February ,2.54,0.794,0.522,8,-7.829,1,0.159,0.0328,0.0,0.156,0.567,86.318,174133
271,Katy Perry,Dark Horse,17 September ,2.53,0.645,0.585,6,-6.122,1,0.0513,0.00314,0.0,0.165,0.353,131.931,215672
272,Alyona Lanskaya,Solayoh,4 March ,2.18,0.81,0.91,11,-5.104,0,0.0468,0.0198,0.00284,0.282,0.602,94.983,179827
273,Taylor Swift,22,1 April ,2.54,0.658,0.729,7,-6.561,1,0.0378,0.00215,0.0013,0.0752,0.668,104.007,230133
274,Fauve,Voyou,10 October ,1.65,0.596,0.832,10,-3.488,0,0.286,0.397,0.0,0.29,0.527,108.838,378360
275,A$AP Rocky,Wild for the Night,15 January ,2.59,0.759,0.849,2,-4.234,1,0.335,0.0483,0.0,0.121,0.681,140.001,212640
276,Daughtry,Waiting for Superman,17 September ,2.11,0.558,0.667,0,-6.041,1,0.0265,0.00276,0.0,0.0641,0.402,105.991,267333
277,Little Mix,Change Your Life,3 February ,2.35,0.514,0.756,6,-4.011,0,0.0406,0.0786,0.0,0.359,0.361,160.11,201587
278,Conor Maynard,R U Crazy,4 October ,1.77,0.546,0.586,7,-4.211,1,0.272,0.0699,0.0,0.109,0.819,89.089,207666
279,Skillet,Sick of It,8 April ,2.17,0.629,0.933,8,-3.051,1,0.0693,0.00389,0.0,0.114,0.589,127.0,190360
280,Enrique Iglesias,Heart Attack,8 October ,1.98,0.427,0.895,4,-4.059,1,0.109,0.0717,0.0,0.409,0.414,154.048,170147
281,Parmalee,Carolina,22 January ,1.9,0.434,0.75,10,-3.53,1,0.0293,0.0107,0.0,0.106,0.488,159.824,201347
282,The Saturdays,Gentleman,30 June ,2.19,0.736,0.971,11,-2.369,0,0.158,0.108,1.53e-05,0.286,0.798,133.004,220378
283,The Strokes,One Way Trigger,25 January ,2.69,0.516,0.942,2,-4.113,1,0.036,0.000182,0.464,0.116,0.964,95.996,242293
284,Migos,Versace,1 October ,2.64,0.845,0.705,6,-4.271,0,0.243,0.0218,0.0,0.339,0.334,132.05,246047
285,Hunter Hayes,I Want Crazy,April ,2.31,0.562,0.878,8,-4.806,1,0.0387,0.0539,0.0,0.112,0.558,103.029,236865
286,Inna,Be My Lover,30 July ,1.83,0.772,0.826,11,-4.522,1,0.2,0.171,0.000845,0.148,0.68,128.014,212053
287,Black Flag,Down in the Dirt,2 May ,2.59,0.485,0.847,9,-7.797,0,0.039,0.0125,0.317,0.358,0.446,111.581,219347
288,Ice Cube,Sasquatch,29 October ,1.84,0.738,0.788,1,-4.203,1,0.186,0.00376,5.9e-05,0.193,0.251,75.006,239933
289,Calvin Harris,Under Control,7 October ,2.7,0.544,0.915,8,-3.405,1,0.0841,0.129,0.000914,0.115,0.51,126.094,184280
290,Ty Dolla $ign,Paranoid,10 September ,2.51,0.858,0.398,1,-11.306,1,0.0598,0.00888,0.0,0.112,0.258,97.476,216520
291,Prince Royce,Darte un beso,15 June ,2.26,0.757,0.711,1,-4.643,0,0.0349,0.36,0.0,0.121,0.817,139.962,206933
292,Big Sean,Beware,25 June ,2.59,0.7,0.554,1,-5.909,1,0.187,0.219,1.36e-06,0.419,0.0633,97.127,235187
293,Migos,Hannah Montana,26 November ,2.73,0.902,0.743,0,-3.495,1,0.284,0.103,5.53e-06,0.0956,0.626,135.951,212712
294,MattyB,You Make My Heart Skip,7 February ,2.04,0.686,0.854,11,-5.366,1,0.0559,0.35,0.0,0.492,0.645,129.997,225667
295,Roberto Bellarosa,Love Kills,15 March ,2.38,0.464,0.681,6,-6.572,1,0.0347,0.0113,0.0,0.171,0.347,132.161,180893
296,Stone Temple Pilots,Out of Time,18 May ,2.64,0.328,0.951,8,-3.331,1,0.0826,4.22e-05,0.0,0.353,0.708,159.086,184293
297,Cheek,Jossu,30 May ,0.99,0.816,0.854,0,-5.84,1,0.0829,0.0879,0.0,0.0406,0.898,99.944,193080
298,The Strokes,All the Time,19 February ,2.83,0.403,0.883,2,-6.054,1,0.0745,8.44e-05,0.65,0.126,0.078,141.945,181373
299,The Lonely Island,Go Kindergarten,24 May ,2.55,0.707,0.91,1,-3.082,0,0.325,0.313,0.0,0.708,0.543,80.056,148000
300,Nine Inch Nails,Everything,19 August ,2.87,0.511,0.913,1,-3.511,1,0.0596,1.85e-05,0.543,0.129,0.898,155.034,199560
301,Borgore,Wild Out,15 October ,1.52,0.644,0.926,1,-2.629,1,0.0566,0.0254,0.00536,0.186,0.04,132.034,254545
302,Lana Del Rey,Summertime Sadness,11 July ,2.81,0.572,0.81,1,-5.791,0,0.0558,0.0157,6.53e-06,0.13,0.11,126.052,214912
303,Cash Cash,Take Me Home,16 July ,2.71,0.571,0.903,7,-2.184,1,0.214,0.0615,1.23e-06,0.186,0.477,127.951,206320
304,Showtek,Booyah,2 September ,2.66,0.739,0.953,11,-2.624,1,0.133,0.00801,0.0104,0.0623,0.516,127.987,311211
305,Lady Gaga,Venus,27 October ,2.92,0.811,0.895,5,-4.304,0,0.0608,0.0267,0.0,0.104,0.736,121.01,233720
306,Hardwell,Apollo,1 February ,1.91,0.56,0.742,9,-6.122,1,0.0666,0.015,0.0134,0.639,0.275,128.06,209766
307,Lily Allen,Somewhere Only We Know,10 November ,2.9,0.314,0.286,10,-10.191,1,0.035,0.935,0.0258,0.0999,0.278,172.021,208154
308,Future,Sh!t,September ,2.76,0.878,0.452,2,-8.695,1,0.496,0.00728,0.000423,0.107,0.425,154.035,132165
309,Joel Fletcher,Swing,15 November ,1.64,0.957,0.848,6,-5.999,1,0.189,0.00388,0.0956,0.0379,0.775,128.014,315000
310,Moran Mazor,Rak bishvilo,1 March ,2.5,0.595,0.788,10,-3.619,0,0.0504,0.465,0.0,0.524,0.316,105.102,179931
311,Basement Jaxx,Back 2 the Wild,12 April ,2.6,0.689,0.958,1,-4.517,1,0.0437,0.00184,0.0619,0.079,0.576,122.962,252691
312,Nina Nesbitt,Stay Out,February ,1.84,0.659,0.626,0,-4.435,1,0.0284,0.0956,0.0,0.11,0.744,109.84,163347
313,Smosh,Dixon Cider,17 May ,1.39,0.666,0.81,1,-5.394,1,0.194,0.286,0.0,0.445,0.682,97.013,200412
314,Lorde,Royals,2 August ,3.03,0.674,0.428,7,-9.504,1,0.122,0.121,0.0,0.132,0.337,84.878,190185
315,Panic! at the Disco,This Is Gospel,20 September ,2.91,0.572,0.912,7,-4.875,1,0.0707,0.00155,1.2e-06,0.102,0.606,156.073,187187
316,Black Flag,Wallow in Despair,11 July ,2.57,0.486,0.914,9,-7.539,1,0.0531,0.0083,0.581,0.497,0.772,111.501,90267
317,John Newman,Love Me Again,30 June ,3.01,0.495,0.894,2,-4.814,0,0.0441,0.00453,0.000596,0.103,0.213,126.03,239894
318,The Fray,Love Don't Die,21 October ,2.55,0.632,0.805,11,-4.488,0,0.0303,0.0095,0.0,0.197,0.275,115.489,183093
319,Bondax,Gold,January ,2.88,0.677,0.552,2,-8.764,0,0.254,0.0716,0.000838,0.0847,0.275,177.827,237693
320,Rebecca Ferguson,I Hope,1 December ,2.63,0.673,0.803,11,-5.244,0,0.0403,0.0881,2.58e-05,0.18,0.507,102.017,241053
321,Justin Bieber,Change Me,2 December ,2.3,0.304,0.34,6,-9.018,0,0.0879,0.594,0.0,0.188,0.0777,72.15,167320
322,SoMo,Ride,19 November ,2.2,0.698,0.524,11,-7.522,1,0.051,0.412,0.0,0.0844,0.31,114.922,289133
323,Gabrielle Aplin,Please Don't Say You Love Me,12 February ,2.81,0.479,0.541,0,-9.862,1,0.0545,0.737,0.0,0.108,0.321,85.994,181400
324,Krewella,Live for the Night,2 August ,2.72,0.499,0.843,6,-2.224,1,0.113,0.0138,0.0,0.124,0.533,127.932,206480
325,Zaz,On ira,11 March ,2.62,0.587,0.886,10,-3.593,0,0.246,0.35,0.0,0.124,0.582,78.451,178253
326,S3RL,Friendzoned,20 November ,1.44,0.546,0.99,7,-1.706,1,0.0598,0.000602,0.0277,0.327,0.319,175.043,248167
327,Action Bronson,Strictly 4 My Jeeps,2013,2.92,0.659,0.801,1,-4.301,1,0.322,0.448,0.0,0.14,0.462,96.998,165433
328,Stereophonics,Indian Summer,20 January ,2.69,0.668,0.695,0,-4.961,1,0.0283,0.405,0.0,0.427,0.809,105.926,267120
329,Riff Raff,Ace of Space,2 January ,2.26,0.811,0.928,1,-3.711,1,0.208,0.00559,1.74e-05,0.313,0.841,129.97,210667
330,Blouse,No Shelter,18 June ,2.7,0.47,0.65,11,-5.88,0,0.0341,0.143,0.000106,0.153,0.399,129.882,190016
331,Birds of Tokyo,Lanterns,14 January ,2.76,0.405,0.672,0,-7.214,1,0.0395,0.241,0.0352,0.14,0.284,168.465,262800
332,Peverelist,Raw Code,11 February ,2.99,0.531,0.778,5,-8.491,0,0.0718,0.000412,0.907,0.316,0.293,117.152,356669
333,Calvin Harris,Thinking About You,8 July ,3.0,0.725,0.874,0,-3.715,0,0.0396,0.00262,0.000412,0.0958,0.748,127.985,247933
334,Red Hot Chili Peppers,Hanalei,23 July ,2.9,0.244,0.858,10,-6.732,1,0.102,0.0243,8.86e-06,0.138,0.0933,142.779,255013
335,Jason Aldean,Night Train,June ,2.65,0.496,0.708,5,-5.175,1,0.0293,0.0512,1.06e-06,0.182,0.502,158.121,232307
336,Elephant Man,Harlem Shake,26 February ,2.5,0.604,0.826,0,-6.073,1,0.351,0.163,0.0,0.4,0.619,140.019,168622
337,Jeffree Star,Love to My Cobain,25 June ,2.1,0.757,0.923,0,-4.298,0,0.0527,0.00609,0.0,0.0869,0.511,127.017,277795
338,J. Cole,She Knows,29 October ,2.94,0.766,0.739,1,-10.364,1,0.0805,0.0192,0.0794,0.229,0.185,118.005,296520
339,Rob Zombie,Dead City Radio and the New Gods of Supertown,26 February ,2.96,0.514,0.955,0,-3.865,1,0.0857,0.000434,4.41e-05,0.461,0.463,138.024,208013
340,Goo Goo Dolls,Rebel Beat,19 February ,2.46,0.493,0.879,6,-4.029,1,0.0326,0.00852,0.0,0.253,0.63,177.937,214720
341,4minute,Is it Poppin'?,28 June ,2.52,0.779,0.906,11,-4.074,1,0.0441,0.407,1.74e-06,0.081,0.907,124.953,190198
342,YLA,$$$EX,31 March ,2.86,0.623,0.553,2,-11.321,1,0.0576,0.0511,0.871,0.0914,0.0561,99.976,186541
343,Yellow Claw,Shotgun,4 November ,2.24,0.664,0.907,4,-3.213,0,0.0328,0.0129,0.176,0.26,0.226,144.956,193893
344,Pearl Jam,Mind Your Manners,11 July ,3.15,0.569,0.905,7,-5.424,1,0.0563,0.000117,0.000582,0.182,0.848,128.035,158240
345,Flosstradamus,Mosh Pit,13 December ,2.22,0.652,0.892,2,-4.653,1,0.0465,0.00558,2.72e-06,0.355,0.251,140.038,198720
346,Stone Temple Pilots With Chester Bennington,Black Heart,18 September ,2.74,0.483,0.81,0,-4.388,1,0.0446,3.55e-05,1.08e-05,0.16,0.735,125.013,189853
347,Arctic Monkeys,One for the Road,9 December ,3.22,0.415,0.668,0,-6.849,1,0.036,0.212,0.0615,0.27,0.842,180.048,206052
348,Everything Everything,Kemosabe,7 January ,3.18,0.587,0.728,1,-6.003,1,0.0545,0.251,0.0104,0.551,0.707,173.989,223733
349,Liz,Hush,18 June ,3.0,0.391,0.831,1,-4.898,1,0.287,0.35,0.0,0.0874,0.701,83.104,211028
350,Jessica Mauboy,Pop a Bottle,20 September ,2.16,0.722,0.869,9,-3.104,1,0.0591,0.0421,1.37e-05,0.35,0.922,126.009,224693
351,Insane Clown Posse,When I'm Clownin',13 September ,2.54,0.956,0.594,10,-5.463,0,0.106,0.147,5.07e-06,0.122,0.431,111.969,144707
352,Escape the Fate,One for the Money,2013,2.07,0.525,0.964,5,-3.451,0,0.0571,0.000328,5.5e-06,0.0527,0.385,90.013,199950
353,Tinie Tempah,Trampoline,5 July ,2.48,0.774,0.923,8,-2.924,1,0.323,0.0522,0.0,0.116,0.808,75.581,225401
354,Wilkinson,Afterglow,13 October ,2.94,0.516,0.915,7,-2.498,1,0.0562,0.0228,0.000789,0.125,0.0398,174.032,225172
355,Panic! at the Disco,Girls,7 October ,2.94,0.606,0.924,11,-4.531,0,0.0349,0.00216,3.3e-06,0.24,0.965,144.998,206840
356,Justin Bieber,Roller Coaster,25 November ,2.84,0.706,0.864,5,-3.981,0,0.0677,0.0119,0.0,0.205,0.576,97.973,201613
357,Bruce Springsteen,High Hopes,25 November ,3.15,0.639,0.888,2,-7.102,1,0.0364,0.00436,0.00107,0.0497,0.693,106.957,296573
358,Thirty Seconds to Mars,Do or Die,1 July ,2.51,0.515,0.825,2,-5.513,1,0.0562,0.00177,1.13e-06,0.153,0.432,135.078,247813
359,Soundgarden,By Crooked Steps,12 February ,3.09,0.58,0.858,7,-4.577,1,0.0422,0.00103,0.00134,0.192,0.533,120.91,240547
360,Fitz and The Tantrums,The Walker,13 December ,3.16,0.77,0.801,9,-4.182,0,0.0336,0.00375,0.00281,0.0515,0.725,130.76,233133
361,MKTO,God Only Knows,29 November ,1.57,0.65,0.745,4,-3.969,1,0.028,0.0276,1.08e-06,0.206,0.649,114.965,195840
362,Twenty One Pilots,Migraine,17 June ,3.07,0.69,0.678,0,-6.52,1,0.154,0.11,0.0,0.246,0.409,173.995,239015
363,Que,OG Bobby Johnson,20 August ,2.89,0.943,0.949,1,-4.22,1,0.222,0.0362,0.0,0.417,0.701,110.984,199432
364,Jimmy Eat World,Damage,20 April ,2.93,0.459,0.895,0,-4.763,1,0.0312,0.000375,4.9e-05,0.0971,0.485,156.809,187800
365,Zac Brown Band,Jump Right In,25 February ,2.61,0.697,0.82,1,-5.108,1,0.0575,0.0888,0.0,0.143,0.655,104.022,180813
366,Tim McGraw,Southern Girl,July ,2.07,0.731,0.772,7,-4.559,1,0.0258,0.0407,0.0,0.449,0.928,110.04,255480
367,Dido,End of Night,5 May ,3.21,0.68,0.638,4,-7.607,0,0.0481,0.121,0.00152,0.114,0.868,95.991,238853
368,Monarchy,Disintegration,14 January ,3.05,0.607,0.726,1,-4.863,1,0.0448,0.056,0.000757,0.218,0.318,127.989,228694
369,Cris Cab,Liar Liar,4 October ,2.91,0.863,0.58,2,-7.85,0,0.0331,0.00706,0.00728,0.11,0.781,107.024,213819
370,Bloc Party,Ratchet,26 June ,3.21,0.745,0.737,0,-5.657,1,0.173,0.0076,0.0,0.0758,0.851,138.034,198018
371,Easton Corbin,All Over the Road,14 January ,2.47,0.491,0.841,5,-3.579,1,0.0421,0.0471,0.0,0.0886,0.721,199.851,163067
372,Sandra Plays Electronics,Her Needs,18 March ,3.04,0.523,0.974,7,-2.246,1,0.103,1.99e-06,0.647,0.355,0.708,142.009,181625
373,Matt Cardle,Loving You,18 August ,2.69,0.68,0.738,8,-5.227,0,0.0309,0.0272,0.0,0.0617,0.444,106.275,214872
374,Chase & Status,Lost & Not Found,26 June ,2.97,0.501,0.933,6,-4.611,0,0.0397,0.000595,0.00561,0.256,0.171,139.978,253920
375,Anthrax,T.N.T.,22 February ,2.7,0.57,0.871,8,-3.929,1,0.131,0.00272,0.0001,0.0722,0.568,126.252,217080
376,Beneath,Duty,21 January ,3.07,0.759,0.911,4,-8.519,0,0.098,0.000522,0.854,0.0954,0.424,124.036,383291
377,Bonobo,Cirrus,21 January ,3.29,0.64,0.844,2,-8.412,0,0.0374,0.395,0.933,0.0827,0.364,119.042,352247
378,Halestorm,I Miss the Misery,2013,3.09,0.469,0.969,0,-2.219,1,0.0589,0.009,1.11e-05,0.346,0.476,164.042,183507
379,Anthony Naples,Moscato,24 January ,3.27,0.853,0.788,5,-9.243,0,0.231,0.632,0.0189,0.0877,0.373,122.025,352894
